method,pearson,spearman,log_ratio_std
tmsd_w2_rt_d4_s1,0.9921836016825591,0.9888687024163195,0.6291210055351257
tmsd_w2_rt_d4_s2,0.9916126259127211,0.9889414237952064,0.6328108310699463
abl_euclid_rt_d4_s1,0.9939512082553855,0.9973444564687499,0.7253040075302124
abl_euclid_rt_d4_s2,0.9910193312116399,0.9877874910717155,0.673592746257782
abl_temporal_rt_d4_s1,0.9899801454133899,0.9916088977971497,0.629074215888977
abl_temporal_rt_d4_s2,0.9813657615703953,0.9823159461035418,0.8718928694725037
